Company Name,Industry,Symbol,Series,ISIN Code,SEBI Sector,NSE Sectoral Index,Market Cap Category (SEBI),F&O Eligible,Listing Date (NSE),Delisting Status
360 ONE WAM Ltd.,Financial Services,360ONE,EQ,INE466L01038,Financial Services,Nifty Financial Services,Small Cap,No,21-Sep-22,Active
3M India Ltd.,Diversified,3MINDIA,EQ,INE470A01017,Diversified,Nifty 500,Small Cap,No,08-Feb-04,Active
ABB India Ltd.,Capital Goods,ABB,EQ,INE117A01022,Capital Goods,Nifty India Manufacturing,Large Cap,Yes,01-Jan-95,Active
ACC Ltd.,Construction Materials,ACC,EQ,INE012A01025,Construction Materials,Nifty Infrastructure,Mid Cap,Yes,01-Jan-94,Active
ACME Solar Holdings Ltd.,Power,ACMESOLAR,EQ,INE622W01025,Power,Nifty Energy,Small Cap,No,05-Dec-24,Active
AIA Engineering Ltd.,Capital Goods,AIAENG,EQ,INE212H01026,Capital Goods,Nifty India Manufacturing,Mid Cap,Yes,27-Jan-04,Active
APL Apollo Tubes Ltd.,Capital Goods,APLAPOLLO,EQ,INE702C01027,Capital Goods,Nifty India Manufacturing,Small Cap,No,27-Oct-04,Active
AU Small Finance Bank Ltd.,Financial Services,AUBANK,EQ,INE949L01017,Banking,Nifty Bank,Small Cap,Yes,10-Jul-17,Active
AWL Agri Business Ltd.,Fast Moving Consumer Goods,AWL,EQ,INE699H01024,FMCG,Nifty FMCG,Small Cap,No,13-Sep-21,Active
Aadhar Housing Finance Ltd.,Financial Services,AADHARHFC,EQ,INE883F01010,Financial Services,Nifty Financial Services,Mid Cap,No,12-May-22,Active
Aarti Industries Ltd.,Chemicals,AARTIIND,EQ,INE769A01020,Chemicals,Nifty Chemicals,Mid Cap,No,14-Dec-95,Active
Aavas Financiers Ltd.,Financial Services,AAVAS,EQ,INE216P01012,Financial Services,Nifty Financial Services,Mid Cap,No,08-Oct-18,Active
Abbott India Ltd.,Healthcare,ABBOTINDIA,EQ,INE358A01014,Pharmaceuticals,Nifty Pharma,Mid Cap,Yes,01-Jan-95,Active
Action Construction Equipment Ltd.,Capital Goods,ACE,EQ,INE731H01025,Capital Goods,Nifty India Manufacturing,Mid Cap,No,31-Dec-07,Active
Acutaas Chemicals Ltd.,Healthcare,ACUTAAS,EQ,INE00FF01025,Pharmaceuticals,Nifty Pharma,Small Cap,No,22-Nov-24,Active
Adani Energy Solutions Ltd.,Power,ADANIENSOL,EQ,INE931S01010,Power,Nifty Energy,Small Cap,No,22-Jun-18,Active
Adani Enterprises Ltd.,Metals & Mining,ADANIENT,EQ,INE423A01024,Metals & Mining,Nifty Metal,Large Cap,Yes,09-Jun-94,Active
Adani Green Energy Ltd.,Power,ADANIGREEN,EQ,INE364U01010,Power,Nifty Energy,Large Cap,Yes,18-Jun-18,Active
Adani Ports and Special Economic Zone Ltd.,Services,ADANIPORTS,EQ,INE742F01042,Services,Nifty Services Sector,Large Cap,Yes,27-Nov-07,Active
Adani Power Ltd.,Power,ADANIPOWER,EQ,INE814H01029,Power,Nifty Energy,Large Cap,Yes,20-Aug-09,Active
Adani Total Gas Ltd.,Oil Gas & Consumable Fuels,ATGL,EQ,INE399L01023,"Oil, Gas & Consumable Fuels",Nifty Oil & Gas,Large Cap,Yes,21-Oct-04,Active
Aditya Birla Capital Ltd.,Financial Services,ABCAPITAL,EQ,INE674K01013,Financial Services,Nifty Financial Services,Mid Cap,Yes,01-Sep-17,Active
Aditya Birla Fashion and Retail Ltd.,Consumer Services,ABFRL,EQ,INE647O01011,Consumer Services,Nifty India Consumption,Mid Cap,Yes,01-Jan-15,Active
Aditya Birla Lifestyle Brands Ltd.,Consumer Services,ABLBL,EQ,INE14LE01019,Consumer Services,Nifty India Consumption,Mid Cap,No,01-Jan-25,Active
Aditya Birla Real Estate Ltd.,Realty,ABREL,EQ,INE055A01016,Real Estate,Nifty Realty,Small Cap,No,01-Jan-25,Active
Aditya Birla Sun Life AMC Ltd.,Financial Services,ABSLAMC,EQ,INE404A01024,Financial Services,Nifty Financial Services,Mid Cap,No,11-Oct-21,Active
Aditya Infotech Ltd.,Capital Goods,CPPLUS,EQ,INE819V01029,Capital Goods,Nifty India Manufacturing,Small Cap,No,01-Jul-14,Active
Aegis Logistics Ltd.,Oil Gas & Consumable Fuels,AEGISLOG,EQ,INE208C01025,"Oil, Gas & Consumable Fuels",Nifty Oil & Gas,Mid Cap,Yes,03-Dec-12,Active
Aegis Vopak Terminals Ltd.,Oil Gas & Consumable Fuels,AEGISVOPAK,EQ,INE0INX01018,"Oil, Gas & Consumable Fuels",Nifty Oil & Gas,Small Cap,No,14-Aug-24,Active
Afcons Infrastructure Ltd.,Construction,AFCONS,EQ,INE101I01011,Construction,Nifty Infrastructure,Small Cap,No,25-Oct-24,Active
Affle 3i Ltd.,Information Technology,AFFLE,EQ,INE00WC01027,Information Technology,Nifty IT,Mid Cap,No,08-Aug-19,Active
Ajanta Pharmaceuticals Ltd.,Healthcare,AJANTPHARM,EQ,INE031B01049,Pharmaceuticals,Nifty Pharma,Mid Cap,No,01-Jan-95,Active
Alkem Laboratories Ltd.,Healthcare,ALKEM,EQ,INE540L01014,Pharmaceuticals,Nifty Pharma,Mid Cap,Yes,23-Dec-15,Active
Allied Blenders and Distillers Ltd.,Fast Moving Consumer Goods,ABDL,EQ,INE552Z01027,FMCG,Nifty FMCG,Small Cap,No,10-Apr-24,Active
Amara Raja Energy & Mobility Ltd.,Automobile and Auto Components,ARE&M,EQ,INE885A01032,Automobiles & Auto Components,Nifty Auto,Small Cap,No,01-Jan-95,Active
Amber Enterprises India Ltd.,Consumer Durables,AMBER,EQ,INE371P01015,Consumer Durables,Nifty Consumer Durables,Small Cap,No,30-Jan-18,Active
Ambuja Cements Ltd.,Construction Materials,AMBUJACEM,EQ,INE079A01024,Construction Materials,Nifty Infrastructure,Large Cap,Yes,29-Apr-96,Active
Anand Rathi Wealth Ltd.,Financial Services,ANANDRATHI,EQ,INE463V01026,Financial Services,Nifty Financial Services,Small Cap,No,08-Oct-21,Active
Anant Raj Ltd.,Realty,ANANTRAJ,EQ,INE242C01024,Real Estate,Nifty Realty,Mid Cap,No,01-Jan-95,Active
Angel One Ltd.,Financial Services,ANGELONE,EQ,INE732I01021,Financial Services,Nifty Financial Services,Mid Cap,Yes,05-Oct-20,Active
Anthem Biosciences Ltd.,Healthcare,ANTHEM,EQ,INE0CZ201020,Pharmaceuticals,Nifty Pharma,Small Cap,No,14-Aug-24,Active
Anupam Rasayan India Ltd.,Chemicals,ANURAS,EQ,INE930P01018,Chemicals,Nifty Chemicals,Mid Cap,Yes,16-Mar-21,Active
Apar Industries Ltd.,Capital Goods,APARINDS,EQ,INE372A01015,Capital Goods,Nifty India Manufacturing,Mid Cap,No,01-Jan-95,Active
Apollo Hospitals Enterprise Ltd.,Healthcare,APOLLOHOSP,EQ,INE437A01024,Healthcare Services,Nifty Healthcare Index,Large Cap,Yes,10-Jul-96,Active
Apollo Tyres Ltd.,Automobile and Auto Components,APOLLOTYRE,EQ,INE438A01022,Automobiles & Auto Components,Nifty Auto,Mid Cap,Yes,01-Jan-95,Active
Aptus Value Housing Finance India Ltd.,Financial Services,APTUS,EQ,INE852O01025,Financial Services,Nifty Financial Services,Small Cap,No,24-Aug-21,Active
Asahi India Glass Ltd.,Automobile and Auto Components,ASAHIINDIA,EQ,INE439A01020,Automobiles & Auto Components,Nifty Auto,Small Cap,No,01-Jan-95,Active
Ashok Leyland Ltd.,Capital Goods,ASHOKLEY,EQ,INE208A01029,Capital Goods,Nifty India Manufacturing,Mid Cap,Yes,01-Jan-94,Active
Asian Paints Ltd.,Consumer Durables,ASIANPAINT,EQ,INE021A01026,Consumer Durables,Nifty Consumer Durables,Large Cap,Yes,14-Mar-95,Active
Aster DM Healthcare Ltd.,Healthcare,ASTERDM,EQ,INE914M01019,Healthcare Services,Nifty Healthcare Index,Small Cap,No,02-Oct-17,Active
Astral Ltd.,Capital Goods,ASTRAL,EQ,INE006I01046,Capital Goods,Nifty India Manufacturing,Small Cap,No,29-Mar-07,Active
Ather Energy Ltd.,Automobile and Auto Components,ATHERENERG,EQ,INE0LEZ01016,Automobiles & Auto Components,Nifty Auto,Small Cap,No,06-May-25,Active
Atul Ltd.,Chemicals,ATUL,EQ,INE100A01010,Chemicals,Nifty Chemicals,Small Cap,No,01-Jan-94,Active
Aurobindo Pharma Ltd.,Healthcare,AUROPHARMA,EQ,INE406A01037,Pharmaceuticals,Nifty Pharma,Mid Cap,Yes,01-Jan-95,Active
Authum Investment & Infrastructure Ltd.,Financial Services,AIIL,EQ,INE206F01022,Financial Services,Nifty Financial Services,Small Cap,No,14-Apr-95,Active
Avenue Supermarts Ltd.,Consumer Services,DMART,EQ,INE192R01011,Consumer Services,Nifty India Consumption,Large Cap,Yes,21-Mar-17,Active
Axis Bank Ltd.,Financial Services,AXISBANK,EQ,INE238A01034,Banking,Nifty Bank,Large Cap,Yes,02-Jun-98,Active
BEML Ltd.,Capital Goods,BEML,EQ,INE258A01024,Capital Goods,Nifty India Manufacturing,Small Cap,No,01-Jan-94,Active
BLS International Services Ltd.,Consumer Services,BLS,EQ,INE153T01027,Consumer Services,Nifty India Consumption,Mid Cap,No,16-Jan-17,Active
BSE Ltd.,Financial Services,BSE,EQ,INE118H01025,Financial Services,Nifty Financial Services,Mid Cap,Yes,03-Feb-17,Active
Bajaj Auto Ltd.,Automobile and Auto Components,BAJAJ-AUTO,EQ,INE917I01010,Automobiles & Auto Components,Nifty Auto,Large Cap,Yes,26-May-08,Active
Bajaj Finance Ltd.,Financial Services,BAJFINANCE,EQ,INE296A01032,Financial Services,Nifty Financial Services,Large Cap,Yes,01-Apr-10,Active
Bajaj Finserv Ltd.,Financial Services,BAJAJFINSV,EQ,INE918I01026,Financial Services,Nifty Financial Services,Large Cap,Yes,26-May-08,Active
Bajaj Holdings & Investment Ltd.,Financial Services,BAJAJHLDNG,EQ,INE118A01012,Financial Services,Nifty Financial Services,Small Cap,Yes,01-Jan-95,Active
Bajaj Housing Finance Ltd.,Financial Services,BAJAJHFL,EQ,INE377Y01014,Financial Services,Nifty Financial Services,Large Cap,Yes,16-Sep-24,Active
Balkrishna Industries Ltd.,Automobile and Auto Components,BALKRISIND,EQ,INE787D01026,Automobiles & Auto Components,Nifty Auto,Mid Cap,Yes,12-Nov-02,Active
Balrampur Chini Mills Ltd.,Fast Moving Consumer Goods,BALRAMCHIN,EQ,INE119A01028,FMCG,Nifty FMCG,Small Cap,No,01-Jan-95,Active
Bandhan Bank Ltd.,Financial Services,BANDHANBNK,EQ,INE545U01014,Banking,Nifty Bank,Mid Cap,Yes,27-Mar-18,Active
Bank of Baroda,Financial Services,BANKBARODA,EQ,INE028A01039,Banking,Nifty Bank,Large Cap,Yes,19-Jul-97,Active
Bank of India,Financial Services,BANKINDIA,EQ,INE084A01016,Banking,Nifty Bank,Small Cap,No,30-Jan-06,Active
Bank of Maharashtra,Financial Services,MAHABANK,EQ,INE457A01014,Banking,Nifty Bank,Small Cap,No,12-Feb-04,Active
Bata India Ltd.,Consumer Durables,BATAINDIA,EQ,INE176A01028,Consumer Durables,Nifty Consumer Durables,Small Cap,Yes,01-Jan-94,Active
Bayer Cropscience Ltd.,Chemicals,BAYERCROP,EQ,INE462A01022,Chemicals,Nifty Chemicals,Mid Cap,No,01-Jan-95,Active
Belrise Industries Ltd.,Automobile and Auto Components,BELRISE,EQ,INE894V01022,Automobiles & Auto Components,Nifty Auto,Small Cap,No,21-May-25,Active
Berger Paints India Ltd.,Consumer Durables,BERGEPAINT,EQ,INE463A01038,Consumer Durables,Nifty Consumer Durables,Mid Cap,Yes,01-Jan-95,Active
Bharat Dynamics Ltd.,Capital Goods,BDL,EQ,INE171Z01026,Capital Goods,Nifty India Manufacturing,Mid Cap,Yes,22-Mar-17,Active
Bharat Electronics Ltd.,Capital Goods,BEL,EQ,INE263A01024,Capital Goods,Nifty India Manufacturing,Large Cap,Yes,01-Jan-94,Active
Bharat Forge Ltd.,Automobile and Auto Components,BHARATFORG,EQ,INE465A01025,Automobiles & Auto Components,Nifty Auto,Small Cap,No,01-Jan-95,Active
Bharat Heavy Electricals Ltd.,Capital Goods,BHEL,EQ,INE257A01026,Capital Goods,Nifty India Manufacturing,Large Cap,Yes,01-Jul-94,Active
Bharat Petroleum Corporation Ltd.,Oil Gas & Consumable Fuels,BPCL,EQ,INE029A01011,"Oil, Gas & Consumable Fuels",Nifty Oil & Gas,Large Cap,Yes,01-Oct-94,Active
Bharti Airtel Ltd.,Telecommunication,BHARTIARTL,EQ,INE397D01024,Telecommunication,Nifty Services Sector,Large Cap,Yes,15-Feb-02,Active
Bharti Hexacom Ltd.,Telecommunication,BHARTIHEXA,EQ,INE343G01021,Telecommunication,Nifty Services Sector,Small Cap,No,25-Jun-24,Active
Bikaji Foods International Ltd.,Fast Moving Consumer Goods,BIKAJI,EQ,INE00E101023,FMCG,Nifty FMCG,Mid Cap,No,07-Nov-22,Active
Billionbrains Garage Ventures Ltd.,Financial Services,GROWW,EQ,INE0HOQ01053,Financial Services,Nifty Financial Services,Small Cap,No,22-May-25,Active
Biocon Ltd.,Healthcare,BIOCON,EQ,INE376G01013,Pharmaceuticals,Nifty Pharma,Mid Cap,Yes,07-Apr-04,Active
Birlasoft Ltd.,Information Technology,BSOFT,EQ,INE836A01035,Information Technology,Nifty IT,Mid Cap,Yes,03-Jan-00,Active
Blue Dart Express Ltd.,Services,BLUEDART,EQ,INE233B01017,Services,Nifty Services Sector,Small Cap,No,01-Jan-96,Active
Blue Jet Healthcare Ltd.,Healthcare,BLUEJET,EQ,INE0KBH01020,Pharmaceuticals,Nifty Pharma,Small Cap,No,26-Oct-22,Active
Blue Star Ltd.,Consumer Durables,BLUESTARCO,EQ,INE472A01039,Consumer Durables,Nifty Consumer Durables,Small Cap,No,01-Jan-95,Active
Bombay Burmah Trading Corporation Ltd.,Fast Moving Consumer Goods,BBTC,EQ,INE050A01025,FMCG,Nifty FMCG,Small Cap,No,01-Jan-95,Active
Bosch Ltd.,Automobile and Auto Components,BOSCHLTD,EQ,INE323A01026,Automobiles & Auto Components,Nifty Auto,Small Cap,No,01-Jan-95,Active
Brainbees Solutions Ltd.,Consumer Services,FIRSTCRY,EQ,INE02RE01045,Consumer Services,Nifty India Consumption,Small Cap,No,13-Aug-24,Active
Brigade Enterprises Ltd.,Realty,BRIGADE,EQ,INE791I01019,Real Estate,Nifty Realty,Mid Cap,No,30-Jan-08,Active
Britannia Industries Ltd.,Fast Moving Consumer Goods,BRITANNIA,EQ,INE216A01030,FMCG,Nifty FMCG,Large Cap,Yes,01-Jan-94,Active
C.E. Info Systems Ltd.,Information Technology,MAPMYINDIA,EQ,INE0BV301023,Information Technology,Nifty IT,Mid Cap,Yes,21-Dec-21,Active
CCL Products (I) Ltd.,Fast Moving Consumer Goods,CCL,EQ,INE421D01022,FMCG,Nifty FMCG,Small Cap,No,19-Jun-01,Active
CESC Ltd.,Power,CESC,EQ,INE486A01021,Power,Nifty Energy,Mid Cap,No,01-Jan-95,Active
CG Power and Industrial Solutions Ltd.,Capital Goods,CGPOWER,EQ,INE067A01029,Capital Goods,Nifty India Manufacturing,Large Cap,Yes,01-Jan-01,Active
CIE Automotive India Ltd.,Automobile and Auto Components,CIEINDIA,EQ,INE536H01010,Automobiles & Auto Components,Nifty Auto,Small Cap,No,01-Jan-04,Active
CRISIL Ltd.,Financial Services,CRISIL,EQ,INE007A01025,Financial Services,Nifty Financial Services,Small Cap,No,01-Jan-95,Active
Can Fin Homes Ltd.,Financial Services,CANFINHOME,EQ,INE477A01020,Financial Services,Nifty Financial Services,Mid Cap,Yes,01-Jan-95,Active
Canara Bank,Financial Services,CANBK,EQ,INE476A01022,Banking,Nifty Bank,Large Cap,Yes,23-Dec-02,Active
Canara HSBC Life Insurance Company Ltd.,Financial Services,CANHLIFE,EQ,INE01TY01017,Insurance,Nifty Financial Services,Small Cap,No,19-Mar-24,Active
Caplin Point Laboratories Ltd.,Healthcare,CAPLIPOINT,EQ,INE475E01026,Pharmaceuticals,Nifty Pharma,Small Cap,No,27-Sep-05,Active
Capri Global Capital Ltd.,Financial Services,CGCL,EQ,INE180C01042,Financial Services,Nifty Financial Services,Mid Cap,No,08-Mar-22,Active
Carborundum Universal Ltd.,Capital Goods,CARBORUNIV,EQ,INE120A01034,Capital Goods,Nifty India Manufacturing,Mid Cap,No,01-Jan-95,Active
Cartrade Tech Ltd.,Consumer Services,CARTRADE,EQ,INE290S01011,Consumer Services,Nifty India Consumption,Small Cap,No,20-Aug-21,Active
Castrol India Ltd.,Oil Gas & Consumable Fuels,CASTROLIND,EQ,INE172A01027,"Oil, Gas & Consumable Fuels",Nifty Oil & Gas,Small Cap,No,01-Jan-95,Active
Ceat Ltd.,Automobile and Auto Components,CEATLTD,EQ,INE482A01020,Automobiles & Auto Components,Nifty Auto,Mid Cap,Yes,01-Jan-94,Active
Cemindia Projects Ltd.,Construction,CEMPRO,EQ,INE686A01026,Construction,Nifty Infrastructure,Small Cap,No,21-Nov-24,Active
Central Bank of India,Financial Services,CENTRALBK,EQ,INE483A01010,Banking,Nifty Bank,Small Cap,No,26-Aug-09,Active
Central Depository Services (India) Ltd.,Financial Services,CDSL,EQ,INE736A01011,Financial Services,Nifty Financial Services,Mid Cap,Yes,30-Jun-17,Active
Chalet Hotels Ltd.,Consumer Services,CHALET,EQ,INE427F01016,Consumer Services,Nifty India Consumption,Small Cap,No,07-Feb-19,Active
Chambal Fertilizers & Chemicals Ltd.,Chemicals,CHAMBLFERT,EQ,INE085A01013,Chemicals,Nifty Chemicals,Mid Cap,Yes,01-Jan-95,Active
Chennai Petroleum Corporation Ltd.,Oil Gas & Consumable Fuels,CHENNPETRO,EQ,INE178A01016,"Oil, Gas & Consumable Fuels",Nifty Oil & Gas,Small Cap,No,01-Jan-95,Active
Choice International Ltd.,Financial Services,CHOICEIN,EQ,INE102B01014,Financial Services,Nifty Financial Services,Small Cap,No,08-Jun-21,Active
Cholamandalam Financial Holdings Ltd.,Financial Services,CHOLAHLDNG,EQ,INE149A01033,Financial Services,Nifty Financial Services,Small Cap,No,01-Jan-97,Active
Cholamandalam Investment and Finance Company Ltd.,Financial Services,CHOLAFIN,EQ,INE121A01024,Financial Services,Nifty Financial Services,Large Cap,Yes,01-Jan-96,Active
Cipla Ltd.,Healthcare,CIPLA,EQ,INE059A01026,Pharmaceuticals,Nifty Pharma,Large Cap,Yes,01-Jan-94,Active
City Union Bank Ltd.,Financial Services,CUB,EQ,INE491A01021,Banking,Nifty Bank,Mid Cap,Yes,01-Jan-98,Active
Clean Science and Technology Ltd.,Chemicals,CLEAN,EQ,INE227W01023,Chemicals,Nifty Chemicals,Mid Cap,No,07-Jul-21,Active
Coal India Ltd.,Oil Gas & Consumable Fuels,COALINDIA,EQ,INE522F01014,"Oil, Gas & Consumable Fuels",Nifty Oil & Gas,Large Cap,Yes,04-Nov-10,Active
Cochin Shipyard Ltd.,Capital Goods,COCHINSHIP,EQ,INE704P01025,Capital Goods,Nifty India Manufacturing,Small Cap,Yes,08-Apr-21,Active
Coforge Ltd.,Information Technology,COFORGE,EQ,INE591G01025,Information Technology,Nifty IT,Mid Cap,Yes,19-Aug-04,Active
Cohance Lifesciences Ltd.,Healthcare,COHANCE,EQ,INE03QK01018,Pharmaceuticals,Nifty Pharma,Small Cap,No,30-Jan-25,Active
Colgate Palmolive (India) Ltd.,Fast Moving Consumer Goods,COLPAL,EQ,INE259A01022,FMCG,Nifty FMCG,Mid Cap,Yes,01-Jan-94,Active
Computer Age Management Services Ltd.,Financial Services,CAMS,EQ,INE596I01020,Financial Services,Nifty Financial Services,Mid Cap,Yes,01-Oct-20,Active
Concord Biotech Ltd.,Healthcare,CONCORDBIO,EQ,INE338H01029,Pharmaceuticals,Nifty Pharma,Mid Cap,No,05-Aug-23,Active
Container Corporation of India Ltd.,Services,CONCOR,EQ,INE111A01025,Services,Nifty Services Sector,Mid Cap,Yes,17-Nov-98,Active
Coromandel International Ltd.,Chemicals,COROMANDEL,EQ,INE169A01031,Chemicals,Nifty Chemicals,Mid Cap,Yes,01-Jan-95,Active
Craftsman Automation Ltd.,Automobile and Auto Components,CRAFTSMAN,EQ,INE00LO01017,Automobiles & Auto Components,Nifty Auto,Small Cap,No,25-Mar-21,Active
CreditAccess Grameen Ltd.,Financial Services,CREDITACC,EQ,INE741K01010,Financial Services,Nifty Financial Services,Small Cap,No,23-Aug-18,Active
Crompton Greaves Consumer Electricals Ltd.,Consumer Durables,CROMPTON,EQ,INE299U01018,Consumer Durables,Nifty Consumer Durables,Mid Cap,Yes,13-May-16,Active
Cummins India Ltd.,Capital Goods,CUMMINSIND,EQ,INE298A01020,Capital Goods,Nifty India Manufacturing,Mid Cap,Yes,01-Jan-94,Active
Cyient Ltd.,Information Technology,CYIENT,EQ,INE136B01020,Information Technology,Nifty IT,Mid Cap,Yes,01-Jun-98,Active
DCM Shriram Ltd.,Diversified,DCMSHRIRAM,EQ,INE499A01024,Diversified,Nifty 500,Small Cap,No,01-Jan-95,Active
DLF Ltd.,Realty,DLF,EQ,INE271C01023,Real Estate,Nifty Realty,Large Cap,Yes,05-Jul-07,Active
DOMS Industries Ltd.,Fast Moving Consumer Goods,DOMS,EQ,INE321T01012,FMCG,Nifty FMCG,Small Cap,No,20-Dec-23,Active
Dabur India Ltd.,Fast Moving Consumer Goods,DABUR,EQ,INE016A01026,FMCG,Nifty FMCG,Large Cap,Yes,13-Mar-00,Active
Dalmia Bharat Ltd.,Construction Materials,DALBHARAT,EQ,INE00R701025,Construction Materials,Nifty Infrastructure,Mid Cap,Yes,01-Dec-95,Active
Data Patterns (India) Ltd.,Capital Goods,DATAPATTNS,EQ,INE0IX101010,Capital Goods,Nifty India Manufacturing,Mid Cap,No,24-Dec-21,Active
Deepak Fertilisers & Petrochemicals Corp. Ltd.,Chemicals,DEEPAKFERT,EQ,INE501A01019,Chemicals,Nifty Chemicals,Mid Cap,Yes,01-Jan-94,Active
Deepak Nitrite Ltd.,Chemicals,DEEPAKNTR,EQ,INE288B01029,Chemicals,Nifty Chemicals,Mid Cap,Yes,01-Jan-95,Active
Delhivery Ltd.,Services,DELHIVERY,EQ,INE148O01028,Services,Nifty Services Sector,Mid Cap,Yes,24-May-22,Active
Devyani International Ltd.,Consumer Services,DEVYANI,EQ,INE872J01023,Consumer Services,Nifty India Consumption,Mid Cap,Yes,16-Aug-21,Active
Divi's Laboratories Ltd.,Healthcare,DIVISLAB,EQ,INE361B01024,Pharmaceuticals,Nifty Pharma,Mid Cap,Yes,01-Oct-94,Active
Dixon Technologies (India) Ltd.,Consumer Durables,DIXON,EQ,INE935N01020,Consumer Durables,Nifty Consumer Durables,Mid Cap,Yes,18-Sep-17,Active
Dr. Lal Path Labs Ltd.,Healthcare,LALPATHLAB,EQ,INE600L01024,Healthcare Services,Nifty Healthcare Index,Mid Cap,Yes,23-Dec-15,Active
Dr. Reddy's Laboratories Ltd.,Healthcare,DRREDDY,EQ,INE089A01031,Pharmaceuticals,Nifty Pharma,Large Cap,Yes,01-Jan-93,Active
Dummy Vedanta Ltd. 1,Metals & Mining,DUMMYVEDL1,EQ,DU1205A01025,Metals & Mining,Nifty Metal,N/A (Pending Listing),No,Pending – Vedanta Demerger,Not Yet Listed
Dummy Vedanta Ltd. 2,Power,DUMMYVEDL2,EQ,DU2205A01025,Power,Nifty Energy,N/A (Pending Listing),No,Pending – Vedanta Demerger,Not Yet Listed
Dummy Vedanta Ltd. 3,Oil Gas & Consumable Fuels,DUMMYVEDL3,EQ,DU3205A01025,"Oil, Gas & Consumable Fuels",Nifty Oil & Gas,N/A (Pending Listing),No,Pending – Vedanta Demerger,Not Yet Listed
Dummy Vedanta Ltd. 4,Metals & Mining,DUMMYVEDL4,EQ,DU4205A01025,Metals & Mining,Nifty Metal,N/A (Pending Listing),No,Pending – Vedanta Demerger,Not Yet Listed
E.I.D. Parry (India) Ltd.,Fast Moving Consumer Goods,EIDPARRY,EQ,INE126A01031,FMCG,Nifty FMCG,Small Cap,No,01-Jan-94,Active
EIH Ltd.,Consumer Services,EIHOTEL,EQ,INE230A01023,Consumer Services,Nifty India Consumption,Small Cap,No,01-Jan-95,Active
Eicher Motors Ltd.,Automobile and Auto Components,EICHERMOT,EQ,INE066A01021,Automobiles & Auto Components,Nifty Auto,Large Cap,Yes,01-Jan-94,Active
Elecon Engineering Co. Ltd.,Capital Goods,ELECON,EQ,INE205B01031,Capital Goods,Nifty India Manufacturing,Small Cap,No,01-Jan-95,Active
Elgi Equipments Ltd.,Capital Goods,ELGIEQUIP,EQ,INE285A01027,Capital Goods,Nifty India Manufacturing,Small Cap,No,01-Jan-95,Active
Emami Ltd.,Fast Moving Consumer Goods,EMAMILTD,EQ,INE548C01032,FMCG,Nifty FMCG,Small Cap,No,07-Apr-95,Active
Emcure Pharmaceuticals Ltd.,Healthcare,EMCURE,EQ,INE168P01015,Pharmaceuticals,Nifty Pharma,Mid Cap,No,10-Jul-24,Active
Emmvee Photovoltaic Power Ltd.,Capital Goods,EMMVEE,EQ,INE1C6T01020,Capital Goods,Nifty India Manufacturing,Small Cap,No,16-Apr-25,Active
Endurance Technologies Ltd.,Automobile and Auto Components,ENDURANCE,EQ,INE913H01037,Automobiles & Auto Components,Nifty Auto,Mid Cap,No,18-Oct-16,Active
Engineers India Ltd.,Construction,ENGINERSIN,EQ,INE510A01028,Construction,Nifty Infrastructure,Small Cap,No,01-Jan-95,Active
Eris Lifesciences Ltd.,Healthcare,ERIS,EQ,INE406M01024,Pharmaceuticals,Nifty Pharma,Mid Cap,No,29-Jun-17,Active
Escorts Kubota Ltd.,Capital Goods,ESCORTS,EQ,INE042A01014,Capital Goods,Nifty India Manufacturing,Mid Cap,Yes,01-Jan-94,Active
Eternal Ltd.,Consumer Services,ETERNAL,EQ,INE758T01015,Consumer Services,Nifty India Consumption,Large Cap,Yes,23-Jul-21,Active
Exide Industries Ltd.,Automobile and Auto Components,EXIDEIND,EQ,INE302A01020,Automobiles & Auto Components,Nifty Auto,Mid Cap,Yes,01-Jan-94,Active
FSN E-Commerce Ventures Ltd.,Consumer Services,NYKAA,EQ,INE388Y01029,Consumer Services,Nifty India Consumption,Mid Cap,Yes,10-Nov-21,Active
Federal Bank Ltd.,Financial Services,FEDERALBNK,EQ,INE171A01029,Banking,Nifty Bank,Mid Cap,Yes,01-Jan-95,Active
Fertilisers and Chemicals Travancore Ltd.,Chemicals,FACT,EQ,INE188A01015,Chemicals,Nifty Chemicals,Small Cap,No,01-Jan-95,Active
Finolex Cables Ltd.,Capital Goods,FINCABLES,EQ,INE235A01022,Capital Goods,Nifty India Manufacturing,Small Cap,No,01-Jan-95,Active
Firstsource Solutions Ltd.,Services,FSL,EQ,INE684F01012,Services,Nifty Services Sector,Mid Cap,Yes,25-Feb-08,Active
Five-Star Business Finance Ltd.,Financial Services,FIVESTAR,EQ,INE128S01021,Financial Services,Nifty Financial Services,Mid Cap,No,12-Nov-21,Active
Force Motors Ltd.,Automobile and Auto Components,FORCEMOT,EQ,INE451A01017,Automobiles & Auto Components,Nifty Auto,Mid Cap,No,01-Jan-95,Active
Fortis Healthcare Ltd.,Healthcare,FORTIS,EQ,INE061F01013,Healthcare Services,Nifty Healthcare Index,Mid Cap,Yes,09-May-07,Active
GAIL (India) Ltd.,Oil Gas & Consumable Fuels,GAIL,EQ,INE129A01019,"Oil, Gas & Consumable Fuels",Nifty Oil & Gas,Large Cap,Yes,02-Apr-97,Active
GE Vernova T&D India Ltd.,Capital Goods,GVT&D,EQ,INE200A01026,Capital Goods,Nifty India Manufacturing,Small Cap,No,24-Apr-24,Active
GMR Airports Ltd.,Services,GMRAIRPORT,EQ,INE776C01039,Services,Nifty Services Sector,Mid Cap,Yes,21-Aug-06,Active
Gabriel India Ltd.,Automobile and Auto Components,GABRIEL,EQ,INE524A01029,Automobiles & Auto Components,Nifty Auto,Small Cap,No,01-Jan-95,Active
Gallantt Ispat Ltd.,Capital Goods,GALLANTT,EQ,INE297H01019,Capital Goods,Nifty India Manufacturing,Small Cap,No,01-Jan-06,Active
Garden Reach Shipbuilders & Engineers Ltd.,Capital Goods,GRSE,EQ,INE382Z01011,Capital Goods,Nifty India Manufacturing,Mid Cap,Yes,01-Oct-15,Active
General Insurance Corporation of India,Financial Services,GICRE,EQ,INE481Y01014,Insurance,Nifty Financial Services,Mid Cap,Yes,25-Oct-17,Active
Gillette India Ltd.,Fast Moving Consumer Goods,GILLETTE,EQ,INE322A01010,FMCG,Nifty FMCG,Small Cap,No,01-Jan-95,Active
Gland Pharma Ltd.,Healthcare,GLAND,EQ,INE068V01023,Pharmaceuticals,Nifty Pharma,Small Cap,No,20-Nov-20,Active
Glaxosmithkline Pharmaceuticals Ltd.,Healthcare,GLAXO,EQ,INE159A01016,Pharmaceuticals,Nifty Pharma,Small Cap,No,01-Jan-94,Active
Glenmark Pharmaceuticals Ltd.,Healthcare,GLENMARK,EQ,INE935A01035,Pharmaceuticals,Nifty Pharma,Mid Cap,Yes,15-Oct-99,Active
Global Health Ltd.,Healthcare,MEDANTA,EQ,INE474Q01031,Healthcare Services,Nifty Healthcare Index,Mid Cap,Yes,30-Nov-21,Active
Go Digit General Insurance Ltd.,Financial Services,GODIGIT,EQ,INE03JT01014,Insurance,Nifty Financial Services,Small Cap,No,23-May-24,Active
Godawari Power & Ispat Ltd.,Capital Goods,GPIL,EQ,INE177H01039,Capital Goods,Nifty India Manufacturing,Small Cap,No,01-Jan-04,Active
Godfrey Phillips India Ltd.,Fast Moving Consumer Goods,GODFRYPHLP,EQ,INE260B01028,FMCG,Nifty FMCG,Small Cap,No,01-Jan-95,Active
Godrej Consumer Products Ltd.,Fast Moving Consumer Goods,GODREJCP,EQ,INE102D01028,FMCG,Nifty FMCG,Large Cap,Yes,21-Apr-01,Active
Godrej Industries Ltd.,Diversified,GODREJIND,EQ,INE233A01035,Diversified,Nifty 500,Mid Cap,Yes,01-Jan-95,Active
Godrej Properties Ltd.,Realty,GODREJPROP,EQ,INE484J01027,Real Estate,Nifty Realty,Large Cap,Yes,05-Jan-10,Active
Granules India Ltd.,Healthcare,GRANULES,EQ,INE101D01020,Pharmaceuticals,Nifty Pharma,Mid Cap,Yes,19-Nov-05,Active
Graphite India Ltd.,Capital Goods,GRAPHITE,EQ,INE371A01025,Capital Goods,Nifty India Manufacturing,Small Cap,No,01-Jan-94,Active
Grasim Industries Ltd.,Construction Materials,GRASIM,EQ,INE047A01021,Construction Materials,Nifty Infrastructure,Large Cap,Yes,12-Sep-96,Active
Gravita India Ltd.,Metals & Mining,GRAVITA,EQ,INE024L01027,Metals & Mining,Nifty Metal,Small Cap,No,11-Jan-10,Active
Great Eastern Shipping Co. Ltd.,Services,GESHIP,EQ,INE017A01032,Services,Nifty Services Sector,Small Cap,No,01-Jan-94,Active
Gujarat Fluorochemicals Ltd.,Chemicals,FLUOROCHEM,EQ,INE09N301011,Chemicals,Nifty Chemicals,Small Cap,No,25-Jan-21,Active
Gujarat Mineral Development Corporation Ltd.,Metals & Mining,GMDCLTD,EQ,INE131A01031,Metals & Mining,Nifty Metal,Small Cap,No,01-Jan-95,Active
H.E.G. Ltd.,Capital Goods,HEG,EQ,INE545A01024,Capital Goods,Nifty India Manufacturing,Small Cap,No,01-Jan-94,Active
HBL Engineering Ltd.,Capital Goods,HBLENGINE,EQ,INE292B01021,Capital Goods,Nifty India Manufacturing,Small Cap,No,14-Jan-23,Active
HCL Technologies Ltd.,Information Technology,HCLTECH,EQ,INE860A01027,Information Technology,Nifty IT,Large Cap,Yes,06-Nov-99,Active
HDB Financial Services Ltd.,Financial Services,HDBFS,EQ,INE756I01012,Financial Services,Nifty Financial Services,Mid Cap,Yes,02-Jul-24,Active
HDFC Asset Management Company Ltd.,Financial Services,HDFCAMC,EQ,INE127D01025,Financial Services,Nifty Financial Services,Large Cap,Yes,06-Aug-18,Active
HDFC Bank Ltd.,Financial Services,HDFCBANK,EQ,INE040A01034,Banking,Nifty Bank,Large Cap,Yes,08-Nov-95,Active
HDFC Life Insurance Company Ltd.,Financial Services,HDFCLIFE,EQ,INE795G01014,Insurance,Nifty Financial Services,Large Cap,Yes,17-Nov-17,Active
HFCL Ltd.,Telecommunication,HFCL,EQ,INE548A01028,Telecommunication,Nifty Services Sector,Small Cap,No,01-Jan-94,Active
Havells India Ltd.,Consumer Durables,HAVELLS,EQ,INE176B01034,Consumer Durables,Nifty Consumer Durables,Large Cap,Yes,14-Jun-01,Active
Hero MotoCorp Ltd.,Automobile and Auto Components,HEROMOTOCO,EQ,INE158A01026,Automobiles & Auto Components,Nifty Auto,Large Cap,Yes,02-Aug-11,Active
Hexaware Technologies Ltd.,Information Technology,HEXT,EQ,INE093A01041,Information Technology,Nifty IT,Small Cap,No,12-Feb-25,Active
Himadri Speciality Chemical Ltd.,Chemicals,HSCL,EQ,INE019C01026,Chemicals,Nifty Chemicals,Small Cap,No,01-Jan-95,Active
Hindalco Industries Ltd.,Metals & Mining,HINDALCO,EQ,INE038A01020,Metals & Mining,Nifty Metal,Large Cap,Yes,01-Jan-96,Active
Hindustan Aeronautics Ltd.,Capital Goods,HAL,EQ,INE066F01020,Capital Goods,Nifty India Manufacturing,Large Cap,Yes,28-Mar-18,Active
Hindustan Copper Ltd.,Metals & Mining,HINDCOPPER,EQ,INE531E01026,Metals & Mining,Nifty Metal,Large Cap,Yes,01-Apr-10,Active
Hindustan Petroleum Corporation Ltd.,Oil Gas & Consumable Fuels,HINDPETRO,EQ,INE094A01015,"Oil, Gas & Consumable Fuels",Nifty Oil & Gas,Large Cap,Yes,02-Oct-95,Active
Hindustan Unilever Ltd.,Fast Moving Consumer Goods,HINDUNILVR,EQ,INE030A01027,FMCG,Nifty FMCG,Large Cap,Yes,12-Sep-95,Active
Hindustan Zinc Ltd.,Metals & Mining,HINDZINC,EQ,INE267A01025,Metals & Mining,Nifty Metal,Large Cap,Yes,22-Nov-02,Active
Hitachi Energy India Ltd.,Capital Goods,POWERINDIA,EQ,INE07Y701011,Capital Goods,Nifty India Manufacturing,Small Cap,No,15-Sep-23,Active
Home First Finance Company India Ltd.,Financial Services,HOMEFIRST,EQ,INE481N01025,Financial Services,Nifty Financial Services,Mid Cap,No,03-Feb-21,Active
Honasa Consumer Ltd.,Fast Moving Consumer Goods,HONASA,EQ,INE0J5401028,FMCG,Nifty FMCG,Small Cap,No,07-Nov-23,Active
Honeywell Automation India Ltd.,Capital Goods,HONAUT,EQ,INE671A01010,Capital Goods,Nifty India Manufacturing,Small Cap,No,01-Jan-95,Active
Housing & Urban Development Corporation Ltd.,Financial Services,HUDCO,EQ,INE031A01017,Financial Services,Nifty Financial Services,Small Cap,No,19-May-17,Active
Hyundai Motor India Ltd.,Automobile and Auto Components,HYUNDAI,EQ,INE0V6F01027,Automobiles & Auto Components,Nifty Auto,Large Cap,Yes,22-Oct-24,Active
ICICI Bank Ltd.,Financial Services,ICICIBANK,EQ,INE090A01021,Banking,Nifty Bank,Large Cap,Yes,17-Sep-98,Active
ICICI Lombard General Insurance Company Ltd.,Financial Services,ICICIGI,EQ,INE765G01017,Insurance,Nifty Financial Services,Mid Cap,Yes,15-Sep-17,Active
ICICI Prudential Asset Management Company Ltd.,Financial Services,ICICIAMC,EQ,INE346A01027,Financial Services,Nifty Financial Services,Mid Cap,Yes,01-Jan-22,Active
ICICI Prudential Life Insurance Company Ltd.,Financial Services,ICICIPRULI,EQ,INE726G01019,Insurance,Nifty Financial Services,Mid Cap,Yes,29-Sep-16,Active
IDBI Bank Ltd.,Financial Services,IDBI,EQ,INE008A01015,Banking,Nifty Bank,Small Cap,No,01-Jan-96,Active
IDFC First Bank Ltd.,Financial Services,IDFCFIRSTB,EQ,INE092T01019,Banking,Nifty Bank,Mid Cap,Yes,30-Dec-18,Active
IFCI Ltd.,Financial Services,IFCI,EQ,INE039A01010,Financial Services,Nifty Financial Services,Small Cap,No,01-Jan-94,Active
IIFL Finance Ltd.,Financial Services,IIFL,EQ,INE530B01024,Financial Services,Nifty Financial Services,Small Cap,No,27-May-05,Active
IRB Infrastructure Developers Ltd.,Construction,IRB,EQ,INE821I01022,Construction,Nifty Infrastructure,Small Cap,No,24-Feb-08,Active
IRCON International Ltd.,Construction,IRCON,EQ,INE962Y01021,Construction,Nifty Infrastructure,Small Cap,No,28-Sep-18,Active
ITC Hotels Ltd.,Consumer Services,ITCHOTELS,EQ,INE379A01028,Consumer Services,Nifty India Consumption,Small Cap,No,28-Jan-25,Active
ITC Ltd.,Fast Moving Consumer Goods,ITC,EQ,INE154A01025,FMCG,Nifty FMCG,Large Cap,Yes,01-Jan-94,Active
ITI Ltd.,Telecommunication,ITI,EQ,INE248A01017,Telecommunication,Nifty Services Sector,Small Cap,No,01-Jan-94,Active
Indegene Ltd.,Healthcare,INDGN,EQ,INE065X01017,Healthcare Services,Nifty Healthcare Index,Small Cap,No,01-Nov-23,Active
India Cements Ltd.,Construction Materials,INDIACEM,EQ,INE383A01012,Construction Materials,Nifty Infrastructure,Small Cap,No,01-Jan-94,Active
Indiamart Intermesh Ltd.,Consumer Services,INDIAMART,EQ,INE933S01016,Consumer Services,Nifty India Consumption,Mid Cap,Yes,04-Jul-19,Active
Indian Bank,Financial Services,INDIANB,EQ,INE562A01011,Banking,Nifty Bank,Small Cap,No,07-Mar-07,Active
Indian Energy Exchange Ltd.,Financial Services,IEX,EQ,INE022Q01020,Financial Services,Nifty Financial Services,Mid Cap,Yes,23-Oct-17,Active
Indian Hotels Co. Ltd.,Consumer Services,INDHOTEL,EQ,INE053A01029,Consumer Services,Nifty India Consumption,Large Cap,Yes,01-Jan-94,Active
Indian Oil Corporation Ltd.,Oil Gas & Consumable Fuels,IOC,EQ,INE242A01010,"Oil, Gas & Consumable Fuels",Nifty Oil & Gas,Mid Cap,Yes,28-Nov-00,Active
Indian Overseas Bank,Financial Services,IOB,EQ,INE565A01014,Banking,Nifty Bank,Small Cap,No,01-Jan-03,Active
Indian Railway Catering And Tourism Corporation Ltd.,Consumer Services,IRCTC,EQ,INE335Y01020,Consumer Services,Nifty India Consumption,Mid Cap,Yes,14-Oct-19,Active
Indian Railway Finance Corporation Ltd.,Financial Services,IRFC,EQ,INE053F01010,Financial Services,Nifty Financial Services,Large Cap,Yes,29-Jan-21,Active
Indian Renewable Energy Development Agency Ltd.,Financial Services,IREDA,EQ,INE202E01016,Financial Services,Nifty Financial Services,Mid Cap,Yes,29-Nov-23,Active
Indraprastha Gas Ltd.,Oil Gas & Consumable Fuels,IGL,EQ,INE203G01027,"Oil, Gas & Consumable Fuels",Nifty Oil & Gas,Mid Cap,Yes,26-Dec-03,Active
Indus Towers Ltd.,Telecommunication,INDUSTOWER,EQ,INE121J01017,Telecommunication,Nifty Services Sector,Large Cap,Yes,19-Dec-19,Active
IndusInd Bank Ltd.,Financial Services,INDUSINDBK,EQ,INE095A01012,Banking,Nifty Bank,Large Cap,Yes,30-Jan-98,Active
Info Edge (India) Ltd.,Consumer Services,NAUKRI,EQ,INE663F01032,Consumer Services,Nifty India Consumption,Large Cap,Yes,18-Nov-06,Active
Infosys Ltd.,Information Technology,INFY,EQ,INE009A01021,Information Technology,Nifty IT,Large Cap,Yes,08-Jun-93,Active
Inox Wind Ltd.,Capital Goods,INOXWIND,EQ,INE066P01011,Capital Goods,Nifty India Manufacturing,Small Cap,No,09-Apr-15,Active
Intellect Design Arena Ltd.,Information Technology,INTELLECT,EQ,INE306R01017,Information Technology,Nifty IT,Small Cap,No,12-Dec-14,Active
InterGlobe Aviation Ltd.,Services,INDIGO,EQ,INE646L01027,Services,Nifty Services Sector,Large Cap,Yes,10-Nov-15,Active
International Gemological Institute Ltd.,Services,IGIL,EQ,INE0Q9301021,Services,Nifty Services Sector,Small Cap,No,19-Dec-24,Active
Inventurus Knowledge Solutions Ltd.,Information Technology,IKS,EQ,INE115Q01022,Information Technology,Nifty IT,Small Cap,No,19-Dec-24,Active
Ipca Laboratories Ltd.,Healthcare,IPCALAB,EQ,INE571A01038,Pharmaceuticals,Nifty Pharma,Small Cap,No,01-Jan-95,Active
J.B. Chemicals & Pharmaceuticals Ltd.,Healthcare,JBCHEPHARM,EQ,INE572A01036,Pharmaceuticals,Nifty Pharma,Small Cap,No,22-Jun-18,Active
J.K. Cement Ltd.,Construction Materials,JKCEMENT,EQ,INE823G01014,Construction Materials,Nifty Infrastructure,Mid Cap,Yes,11-Jun-04,Active
JBM Auto Ltd.,Automobile and Auto Components,JBMA,EQ,INE927D01051,Automobiles & Auto Components,Nifty Auto,Small Cap,No,12-Mar-08,Active
JK Tyre & Industries Ltd.,Automobile and Auto Components,JKTYRE,EQ,INE573A01042,Automobiles & Auto Components,Nifty Auto,Small Cap,No,01-Jan-94,Active
JM Financial Ltd.,Financial Services,JMFINANCIL,EQ,INE780C01023,Financial Services,Nifty Financial Services,Small Cap,No,12-Sep-97,Active
JSW Cement Ltd.,Construction Materials,JSWCEMENT,EQ,INE718I01012,Construction Materials,Nifty Infrastructure,Small Cap,No,04-Jun-24,Active
JSW Dulux Ltd.,Consumer Durables,JSWDULUX,EQ,INE133A01011,Consumer Durables,Nifty Consumer Durables,Small Cap,No,06-May-25,Active
JSW Energy Ltd.,Power,JSWENERGY,EQ,INE121E01018,Power,Nifty Energy,Large Cap,Yes,04-Jan-10,Active
JSW Infrastructure Ltd.,Services,JSWINFRA,EQ,INE880J01026,Services,Nifty Services Sector,Mid Cap,Yes,03-Oct-23,Active
JSW Steel Ltd.,Metals & Mining,JSWSTEEL,EQ,INE019A01038,Metals & Mining,Nifty Metal,Large Cap,Yes,10-Nov-04,Active
Jain Resource Recycling Ltd.,Metals & Mining,JAINREC,EQ,INE0YD401026,Metals & Mining,Nifty Metal,Small Cap,No,23-Dec-24,Active
Jaiprakash Power Ventures Ltd.,Power,JPPOWER,EQ,INE351F01018,Power,Nifty Energy,Small Cap,No,01-Jan-06,Active
Jammu & Kashmir Bank Ltd.,Financial Services,J&KBANK,EQ,INE168A01041,Banking,Nifty Bank,Small Cap,No,01-Jan-95,Active
Jindal Saw Ltd.,Capital Goods,JINDALSAW,EQ,INE324A01032,Capital Goods,Nifty India Manufacturing,Small Cap,No,01-Jan-95,Active
Jindal Stainless Ltd.,Metals & Mining,JSL,EQ,INE220G01021,Metals & Mining,Nifty Metal,Mid Cap,Yes,29-Nov-06,Active
Jindal Steel Ltd.,Metals & Mining,JINDALSTEL,EQ,INE749A01030,Metals & Mining,Nifty Metal,Small Cap,No,07-Nov-06,Active
Jio Financial Services Ltd.,Financial Services,JIOFIN,EQ,INE758E01017,Financial Services,Nifty Financial Services,Large Cap,Yes,21-Aug-23,Active
Jubilant Foodworks Ltd.,Consumer Services,JUBLFOOD,EQ,INE797F01020,Consumer Services,Nifty India Consumption,Mid Cap,Yes,08-Dec-09,Active
Jubilant Ingrevia Ltd.,Chemicals,JUBLINGREA,EQ,INE0BY001018,Chemicals,Nifty Chemicals,Small Cap,No,24-Nov-21,Active
Jubilant Pharmova Ltd.,Healthcare,JUBLPHARMA,EQ,INE700A01033,Healthcare Services,Nifty Healthcare Index,Small Cap,No,01-Jan-95,Active
Jupiter Wagons Ltd.,Capital Goods,JWL,EQ,INE209L01016,Capital Goods,Nifty India Manufacturing,Small Cap,No,21-Jun-23,Active
Jyoti CNC Automation Ltd.,Capital Goods,JYOTICNC,EQ,INE980O01024,Capital Goods,Nifty India Manufacturing,Small Cap,No,20-Jan-24,Active
K.P.R. Mill Ltd.,Textiles,KPRMILL,EQ,INE930H01031,Textiles,Nifty India Consumption,Small Cap,No,12-Apr-07,Active
KEI Industries Ltd.,Capital Goods,KEI,EQ,INE878B01027,Capital Goods,Nifty India Manufacturing,Small Cap,No,21-Nov-03,Active
KPIT Technologies Ltd.,Information Technology,KPITTECH,EQ,INE04I401011,Information Technology,Nifty IT,Mid Cap,Yes,01-Jan-99,Active
Kajaria Ceramics Ltd.,Consumer Durables,KAJARIACER,EQ,INE217B01036,Consumer Durables,Nifty Consumer Durables,Small Cap,No,01-Jan-95,Active
Kalpataru Projects International Ltd.,Construction,KPIL,EQ,INE220B01022,Construction,Nifty Infrastructure,Small Cap,No,18-Jul-00,Active
Kalyan Jewellers India Ltd.,Consumer Durables,KALYANKJIL,EQ,INE303R01014,Consumer Durables,Nifty Consumer Durables,Mid Cap,Yes,26-Mar-21,Active
Karur Vysya Bank Ltd.,Financial Services,KARURVYSYA,EQ,INE036D01028,Banking,Nifty Bank,Small Cap,No,01-Jan-95,Active
Kaynes Technology India Ltd.,Capital Goods,KAYNES,EQ,INE918Z01012,Capital Goods,Nifty India Manufacturing,Mid Cap,Yes,22-Nov-22,Active
Kec International Ltd.,Construction,KEC,EQ,INE389H01022,Construction,Nifty Infrastructure,Mid Cap,Yes,01-Jan-95,Active
Kfin Technologies Ltd.,Financial Services,KFINTECH,EQ,INE138Y01010,Financial Services,Nifty Financial Services,Mid Cap,Yes,11-Jan-22,Active
Kirloskar Oil Eng Ltd.,Capital Goods,KIRLOSENG,EQ,INE146L01010,Capital Goods,Nifty India Manufacturing,Small Cap,No,01-Jan-95,Active
Kotak Mahindra Bank Ltd.,Financial Services,KOTAKBANK,EQ,INE237A01036,Banking,Nifty Bank,Large Cap,Yes,20-Dec-95,Active
Krishna Institute of Medical Sciences Ltd.,Healthcare,KIMS,EQ,INE967H01025,Healthcare Services,Nifty Healthcare Index,Small Cap,No,29-Jul-21,Active
L&T Finance Ltd.,Financial Services,LTF,EQ,INE498L01015,Financial Services,Nifty Financial Services,Small Cap,No,12-Jul-11,Active
L&T Technology Services Ltd.,Information Technology,LTTS,EQ,INE010V01017,Information Technology,Nifty IT,Mid Cap,Yes,18-Jul-16,Active
LG Electronics India Ltd.,Consumer Durables,LGEINDIA,EQ,INE324D01010,Consumer Durables,Nifty Consumer Durables,Small Cap,No,14-Oct-24,Active
LIC Housing Finance Ltd.,Financial Services,LICHSGFIN,EQ,INE115A01026,Financial Services,Nifty Financial Services,Mid Cap,Yes,01-Jan-95,Active
LT Foods Ltd.,Fast Moving Consumer Goods,LTFOODS,EQ,INE818H01020,FMCG,Nifty FMCG,Small Cap,No,05-Nov-02,Active
LTM Ltd.,Information Technology,LTM,EQ,INE214T01019,Information Technology,Nifty IT,Small Cap,No,11-Jul-16,Active
Larsen & Toubro Ltd.,Construction,LT,EQ,INE018A01030,Construction,Nifty Infrastructure,Large Cap,Yes,01-Jan-94,Active
Latent View Analytics Ltd.,Information Technology,LATENTVIEW,EQ,INE0I7C01011,Information Technology,Nifty IT,Small Cap,No,23-Nov-21,Active
Laurus Labs Ltd.,Healthcare,LAURUSLABS,EQ,INE947Q01028,Pharmaceuticals,Nifty Pharma,Mid Cap,Yes,19-Apr-16,Active
Leela Palaces Hotels & Resorts Ltd.,Consumer Services,THELEELA,EQ,INE0AQ201015,Consumer Services,Nifty India Consumption,Small Cap,No,21-Mar-25,Active
Lemon Tree Hotels Ltd.,Consumer Services,LEMONTREE,EQ,INE970X01018,Consumer Services,Nifty India Consumption,Small Cap,No,26-Mar-18,Active
Lenskart Solutions Ltd.,Consumer Services,LENSKART,EQ,INE956O01016,Consumer Services,Nifty India Consumption,Large Cap,No,10-Nov-25,Active
Life Insurance Corporation of India,Financial Services,LICI,EQ,INE0J1Y01017,Insurance,Nifty Financial Services,Large Cap,Yes,17-May-22,Active
Linde India Ltd.,Chemicals,LINDEINDIA,EQ,INE473A01011,Chemicals,Nifty Chemicals,Small Cap,No,01-Jan-95,Active
Lloyds Metals And Energy Ltd.,Metals & Mining,LLOYDSME,EQ,INE281B01032,Metals & Mining,Nifty Metal,Small Cap,No,01-Jan-17,Active
Lodha Developers Ltd.,Realty,LODHA,EQ,INE670K01029,Real Estate,Nifty Realty,Large Cap,Yes,19-Apr-21,Active
Lupin Ltd.,Healthcare,LUPIN,EQ,INE326A01037,Pharmaceuticals,Nifty Pharma,Large Cap,Yes,01-Jan-00,Active
MMTC Ltd.,Services,MMTC,EQ,INE123F01029,Services,Nifty Services Sector,Small Cap,No,01-Jan-03,Active
MRF Ltd.,Automobile and Auto Components,MRF,EQ,INE883A01011,Automobiles & Auto Components,Nifty Auto,Small Cap,No,01-Jan-94,Active
Mahanagar Gas Ltd.,Oil Gas & Consumable Fuels,MGL,EQ,INE002S01010,"Oil, Gas & Consumable Fuels",Nifty Oil & Gas,Mid Cap,Yes,01-Dec-03,Active
Mahindra & Mahindra Financial Services Ltd.,Financial Services,M&MFIN,EQ,INE774D01024,Financial Services,Nifty Financial Services,Mid Cap,Yes,10-Jan-02,Active
Mahindra & Mahindra Ltd.,Automobile and Auto Components,M&M,EQ,INE101A01026,Automobiles & Auto Components,Nifty Auto,Large Cap,Yes,01-Jan-96,Active
Manappuram Finance Ltd.,Financial Services,MANAPPURAM,EQ,INE522D01027,Financial Services,Nifty Financial Services,Mid Cap,Yes,15-Jun-01,Active
Mangalore Refinery & Petrochemicals Ltd.,Oil Gas & Consumable Fuels,MRPL,EQ,INE103A01014,"Oil, Gas & Consumable Fuels",Nifty Oil & Gas,Small Cap,No,01-Jan-95,Active
Mankind Pharma Ltd.,Healthcare,MANKIND,EQ,INE634S01028,Pharmaceuticals,Nifty Pharma,Large Cap,Yes,09-May-23,Active
Marico Ltd.,Fast Moving Consumer Goods,MARICO,EQ,INE196A01026,FMCG,Nifty FMCG,Large Cap,Yes,07-May-96,Active
Maruti Suzuki India Ltd.,Automobile and Auto Components,MARUTI,EQ,INE585B01010,Automobiles & Auto Components,Nifty Auto,Large Cap,Yes,09-Jul-03,Active
Max Financial Services Ltd.,Financial Services,MFSL,EQ,INE180A01020,Insurance,Nifty Financial Services,Mid Cap,Yes,01-Jan-00,Active
Max Healthcare Institute Ltd.,Healthcare,MAXHEALTH,EQ,INE027H01010,Healthcare Services,Nifty Healthcare Index,Large Cap,Yes,07-Sep-21,Active
Mazagoan Dock Shipbuilders Ltd.,Capital Goods,MAZDOCK,EQ,INE249Z01020,Capital Goods,Nifty India Manufacturing,Small Cap,No,30-Mar-23,Active
Meesho Ltd.,Consumer Services,MEESHO,EQ,INE0VDM01015,Consumer Services,Nifty India Consumption,Large Cap,No,10-Dec-25,Active
Minda Corporation Ltd.,Automobile and Auto Components,MINDACORP,EQ,INE842C01021,Automobiles & Auto Components,Nifty Auto,Mid Cap,No,05-Jun-15,Active
Motherson Sumi Wiring India Ltd.,Automobile and Auto Components,MSUMI,EQ,INE0FS801015,Automobiles & Auto Components,Nifty Auto,Mid Cap,Yes,25-May-21,Active
Motilal Oswal Financial Services Ltd.,Financial Services,MOTILALOFS,EQ,INE338I01027,Financial Services,Nifty Financial Services,Small Cap,No,01-Jan-04,Active
MphasiS Ltd.,Information Technology,MPHASIS,EQ,INE356A01018,Information Technology,Nifty IT,Large Cap,Yes,07-Jun-00,Active
Multi Commodity Exchange of India Ltd.,Financial Services,MCX,EQ,INE745G01043,Financial Services,Nifty Financial Services,Mid Cap,Yes,09-Mar-12,Active
Muthoot Finance Ltd.,Financial Services,MUTHOOTFIN,EQ,INE414G01012,Financial Services,Nifty Financial Services,Large Cap,Yes,06-May-11,Active
NATCO Pharma Ltd.,Healthcare,NATCOPHARM,EQ,INE987B01026,Pharmaceuticals,Nifty Pharma,Small Cap,No,01-Jan-96,Active
NBCC (India) Ltd.,Construction,NBCC,EQ,INE095N01031,Construction,Nifty Infrastructure,Mid Cap,Yes,11-Apr-12,Active
NCC Ltd.,Construction,NCC,EQ,INE868B01028,Construction,Nifty Infrastructure,Mid Cap,No,01-Jan-94,Active
NHPC Ltd.,Power,NHPC,EQ,INE848E01016,Power,Nifty Energy,Large Cap,Yes,01-Sep-09,Active
NLC India Ltd.,Power,NLCINDIA,EQ,INE589A01014,Power,Nifty Energy,Small Cap,No,15-Jul-11,Active
NMDC Ltd.,Metals & Mining,NMDC,EQ,INE584A01023,Metals & Mining,Nifty Metal,Mid Cap,Yes,03-Nov-98,Active
NMDC Steel Ltd.,Metals & Mining,NSLNISP,EQ,INE0NNS01018,Metals & Mining,Nifty Metal,Small Cap,No,05-Aug-22,Active
NTPC Green Energy Ltd.,Power,NTPCGREEN,EQ,INE0ONG01011,Power,Nifty Energy,Large Cap,No,27-Nov-24,Active
NTPC Ltd.,Power,NTPC,EQ,INE733E01010,Power,Nifty Energy,Large Cap,Yes,05-Nov-04,Active
Narayana Hrudayalaya Ltd.,Healthcare,NH,EQ,INE410P01011,Healthcare Services,Nifty Healthcare Index,Mid Cap,No,01-Jun-15,Active
National Aluminium Co. Ltd.,Metals & Mining,NATIONALUM,EQ,INE139A01034,Metals & Mining,Nifty Metal,Mid Cap,Yes,16-Mar-04,Active
Nava Ltd.,Power,NAVA,EQ,INE725A01030,Power,Nifty Energy,Small Cap,No,01-Jan-95,Active
Navin Fluorine International Ltd.,Chemicals,NAVINFLUOR,EQ,INE048G01026,Chemicals,Nifty Chemicals,Small Cap,No,01-Jan-95,Active
Nestle India Ltd.,Fast Moving Consumer Goods,NESTLEIND,EQ,INE239A01024,FMCG,Nifty FMCG,Large Cap,Yes,01-Jan-95,Active
Netweb Technologies India Ltd.,Information Technology,NETWEB,EQ,INE0NT901020,Information Technology,Nifty IT,Small Cap,No,27-Jul-23,Active
Neuland Laboratories Ltd.,Healthcare,NEULANDLAB,EQ,INE794A01010,Pharmaceuticals,Nifty Pharma,Mid Cap,No,01-Jan-95,Active
Newgen Software Technologies Ltd.,Information Technology,NEWGEN,EQ,INE619B01017,Information Technology,Nifty IT,Small Cap,No,04-Jan-18,Active
Nippon Life India Asset Management Ltd.,Financial Services,NAM-INDIA,EQ,INE298J01013,Financial Services,Nifty Financial Services,Mid Cap,Yes,22-Oct-04,Active
Niva Bupa Health Insurance Company Ltd.,Financial Services,NIVABUPA,EQ,INE995S01015,Insurance,Nifty Financial Services,Small Cap,No,14-Nov-24,Active
Nuvama Wealth Management Ltd.,Financial Services,NUVAMA,EQ,INE531F01023,Financial Services,Nifty Financial Services,Mid Cap,No,19-Sep-23,Active
Nuvoco Vistas Corporation Ltd.,Construction Materials,NUVOCO,EQ,INE118D01016,Construction Materials,Nifty Infrastructure,Small Cap,No,23-Aug-21,Active
Oberoi Realty Ltd.,Realty,OBEROIRLTY,EQ,INE093I01010,Real Estate,Nifty Realty,Large Cap,Yes,20-Oct-10,Active
Oil & Natural Gas Corporation Ltd.,Oil Gas & Consumable Fuels,ONGC,EQ,INE213A01029,"Oil, Gas & Consumable Fuels",Nifty Oil & Gas,Large Cap,Yes,26-Aug-95,Active
Oil India Ltd.,Oil Gas & Consumable Fuels,OIL,EQ,INE274J01014,"Oil, Gas & Consumable Fuels",Nifty Oil & Gas,Small Cap,No,30-Sep-09,Active
Ola Electric Mobility Ltd.,Automobile and Auto Components,OLAELEC,EQ,INE0LXG01040,Automobiles & Auto Components,Nifty Auto,Small Cap,No,09-Aug-24,Active
Olectra Greentech Ltd.,Automobile and Auto Components,OLECTRA,EQ,INE260D01016,Automobiles & Auto Components,Nifty Auto,Small Cap,No,01-Jan-00,Active
One 97 Communications Ltd.,Financial Services,PAYTM,EQ,INE982J01020,Financial Services,Nifty Financial Services,Large Cap,Yes,18-Nov-21,Active
Onesource Specialty Pharma Ltd.,Healthcare,ONESOURCE,EQ,INE013P01021,Pharmaceuticals,Nifty Pharma,Small Cap,No,28-Feb-25,Active
Oracle Financial Services Software Ltd.,Information Technology,OFSS,EQ,INE881D01027,Information Technology,Nifty IT,Large Cap,Yes,10-Dec-02,Active
PB Fintech Ltd.,Financial Services,POLICYBZR,EQ,INE417T01026,Financial Services,Nifty Financial Services,Mid Cap,Yes,15-Nov-21,Active
PCBL Chemical Ltd.,Chemicals,PCBL,EQ,INE602A01031,Chemicals,Nifty Chemicals,Mid Cap,Yes,01-Jan-04,Active
PG Electroplast Ltd.,Consumer Durables,PGEL,EQ,INE457L01029,Consumer Durables,Nifty Consumer Durables,Small Cap,No,09-Jan-24,Active
PI Industries Ltd.,Chemicals,PIIND,EQ,INE603J01030,Chemicals,Nifty Chemicals,Mid Cap,Yes,03-Sep-12,Active
PNB Housing Finance Ltd.,Financial Services,PNBHOUSING,EQ,INE572E01012,Financial Services,Nifty Financial Services,Mid Cap,Yes,07-Nov-16,Active
PTC Industries Ltd.,Capital Goods,PTCIL,EQ,INE596F01018,Capital Goods,Nifty India Manufacturing,Small Cap,No,11-Aug-21,Active
PVR INOX Ltd.,Media Entertainment & Publication,PVRINOX,EQ,INE191H01014,Media & Entertainment,Nifty Media,Mid Cap,Yes,01-Jan-06,Active
Page Industries Ltd.,Textiles,PAGEIND,EQ,INE761H01022,Textiles,Nifty India Consumption,Mid Cap,Yes,14-Mar-07,Active
Paradeep Phosphates Ltd.,Chemicals,PARADEEP,EQ,INE088F01024,Chemicals,Nifty Chemicals,Small Cap,No,05-Apr-22,Active
Patanjali Foods Ltd.,Fast Moving Consumer Goods,PATANJALI,EQ,INE619A01035,FMCG,Nifty FMCG,Small Cap,No,30-Jan-02,Active
Persistent Systems Ltd.,Information Technology,PERSISTENT,EQ,INE262H01021,Information Technology,Nifty IT,Large Cap,Yes,06-Apr-10,Active
Petronet LNG Ltd.,Oil Gas & Consumable Fuels,PETRONET,EQ,INE347G01014,"Oil, Gas & Consumable Fuels",Nifty Oil & Gas,Mid Cap,Yes,26-Mar-04,Active
Pfizer Ltd.,Healthcare,PFIZER,EQ,INE182A01018,Pharmaceuticals,Nifty Pharma,Small Cap,No,01-Jan-94,Active
Phoenix Mills Ltd.,Realty,PHOENIXLTD,EQ,INE211B01039,Real Estate,Nifty Realty,Mid Cap,Yes,01-Jan-95,Active
Physicswallah Ltd.,Consumer Services,PWL,EQ,INE0LP301011,Consumer Services,Nifty India Consumption,Small Cap,No,06-Feb-25,Active
Pidilite Industries Ltd.,Chemicals,PIDILITIND,EQ,INE318A01026,Chemicals,Nifty Chemicals,Large Cap,Yes,26-Mar-96,Active
Pine Labs Ltd.,Financial Services,PINELABS,EQ,INE15B701018,Financial Services,Nifty Financial Services,Small Cap,No,21-Mar-25,Active
Piramal Finance Ltd.,Financial Services,PIRAMALFIN,EQ,INE202B01038,Financial Services,Nifty Financial Services,Small Cap,No,09-Jul-25,Active
Piramal Pharma Ltd.,Healthcare,PPLPHARMA,EQ,INE0DK501011,Pharmaceuticals,Nifty Pharma,Small Cap,No,02-Dec-22,Active
Poly Medicure Ltd.,Healthcare,POLYMED,EQ,INE205C01021,Healthcare Services,Nifty Healthcare Index,Small Cap,No,11-Mar-99,Active
Polycab India Ltd.,Capital Goods,POLYCAB,EQ,INE455K01017,Capital Goods,Nifty India Manufacturing,Small Cap,Yes,16-Apr-19,Active
Poonawalla Fincorp Ltd.,Financial Services,POONAWALLA,EQ,INE511C01022,Financial Services,Nifty Financial Services,Mid Cap,Yes,01-Jan-02,Active
Power Finance Corporation Ltd.,Financial Services,PFC,EQ,INE134E01011,Financial Services,Nifty Financial Services,Large Cap,Yes,23-Feb-07,Active
Power Grid Corporation of India Ltd.,Power,POWERGRID,EQ,INE752E01010,Power,Nifty Energy,Large Cap,Yes,05-Oct-07,Active
Premier Energies Ltd.,Capital Goods,PREMIERENE,EQ,INE0BS701011,Capital Goods,Nifty India Manufacturing,Small Cap,No,06-Sep-24,Active
Prestige Estates Projects Ltd.,Realty,PRESTIGE,EQ,INE811K01011,Real Estate,Nifty Realty,Mid Cap,Yes,27-Oct-10,Active
Punjab National Bank,Financial Services,PNB,EQ,INE160A01022,Banking,Nifty Bank,Small Cap,Yes,01-Jan-02,Active
R R Kabel Ltd.,Capital Goods,RRKABEL,EQ,INE777K01022,Capital Goods,Nifty India Manufacturing,Small Cap,No,24-Oct-23,Active
RBL Bank Ltd.,Financial Services,RBLBANK,EQ,INE976G01028,Banking,Nifty Bank,Mid Cap,Yes,25-Aug-16,Active
REC Ltd.,Financial Services,RECLTD,EQ,INE020B01018,Financial Services,Nifty Financial Services,Large Cap,Yes,12-Mar-08,Active
RHI MAGNESITA INDIA LTD.,Capital Goods,RHIM,EQ,INE743M01012,Capital Goods,Nifty India Manufacturing,Small Cap,No,14-Jan-11,Active
RITES Ltd.,Construction,RITES,EQ,INE320J01015,Construction,Nifty Infrastructure,Mid Cap,Yes,02-Jul-18,Active
Radico Khaitan Ltd,Fast Moving Consumer Goods,RADICO,EQ,INE944F01028,FMCG,Nifty FMCG,Mid Cap,No,01-Jan-00,Active
Rail Vikas Nigam Ltd.,Construction,RVNL,EQ,INE415G01027,Construction,Nifty Infrastructure,Mid Cap,Yes,11-Apr-19,Active
Railtel Corporation Of India Ltd.,Telecommunication,RAILTEL,EQ,INE0DD101019,Telecommunication,Nifty Services Sector,Small Cap,No,26-Feb-21,Active
Rainbow Childrens Medicare Ltd.,Healthcare,RAINBOW,EQ,INE961O01016,Healthcare Services,Nifty Healthcare Index,Mid Cap,No,10-Sep-21,Active
Ramkrishna Forgings Ltd.,Automobile and Auto Components,RKFORGE,EQ,INE399G01023,Automobiles & Auto Components,Nifty Auto,Small Cap,No,18-Mar-04,Active
Redington Ltd.,Services,REDINGTON,EQ,INE891D01026,Services,Nifty Services Sector,Mid Cap,No,22-Feb-07,Active
Reliance Industries Ltd.,Oil Gas & Consumable Fuels,RELIANCE,EQ,INE002A01018,"Oil, Gas & Consumable Fuels",Nifty Oil & Gas,Large Cap,Yes,29-Nov-95,Active
Reliance Power Ltd.,Power,RPOWER,EQ,INE614G01033,Power,Nifty Energy,Small Cap,No,11-Mar-08,Active
SBFC Finance Ltd.,Financial Services,SBFC,EQ,INE423Y01016,Financial Services,Nifty Financial Services,Small Cap,No,16-Aug-23,Active
SBI Cards and Payment Services Ltd.,Financial Services,SBICARD,EQ,INE018E01016,Financial Services,Nifty Financial Services,Mid Cap,Yes,16-Mar-20,Active
SBI Life Insurance Company Ltd.,Financial Services,SBILIFE,EQ,INE123W01016,Insurance,Nifty Financial Services,Large Cap,Yes,03-Oct-17,Active
SJVN Ltd.,Power,SJVN,EQ,INE002L01015,Power,Nifty Energy,Mid Cap,Yes,20-May-10,Active
SRF Ltd.,Chemicals,SRF,EQ,INE647A01010,Chemicals,Nifty Chemicals,Large Cap,Yes,01-Jan-96,Active
Sagility Ltd.,Information Technology,SAGILITY,EQ,INE0W2G01015,Information Technology,Nifty IT,Small Cap,No,12-Nov-24,Active
Sai Life Sciences Ltd.,Healthcare,SAILIFE,EQ,INE570L01029,Pharmaceuticals,Nifty Pharma,Small Cap,No,03-Jan-25,Active
Sammaan Capital Ltd.,Financial Services,SAMMAANCAP,EQ,INE148I01020,Financial Services,Nifty Financial Services,Small Cap,No,01-Jan-10,Active
Samvardhana Motherson International Ltd.,Automobile and Auto Components,MOTHERSON,EQ,INE775A01035,Automobiles & Auto Components,Nifty Auto,Large Cap,Yes,01-Apr-11,Active
Sapphire Foods India Ltd.,Consumer Services,SAPPHIRE,EQ,INE806T01020,Consumer Services,Nifty India Consumption,Small Cap,No,18-Oct-21,Active
Sarda Energy and Minerals Ltd.,Metals & Mining,SARDAEN,EQ,INE385C01021,Metals & Mining,Nifty Metal,Small Cap,No,01-Jan-04,Active
Saregama India Ltd,Media Entertainment & Publication,SAREGAMA,EQ,INE979A01025,Media & Entertainment,Nifty Media,Small Cap,No,01-Jan-99,Active
Schaeffler India Ltd.,Automobile and Auto Components,SCHAEFFLER,EQ,INE513A01022,Automobiles & Auto Components,Nifty Auto,Small Cap,No,09-Jul-99,Active
Schneider Electric Infrastructure Ltd.,Capital Goods,SCHNEIDER,EQ,INE839M01018,Capital Goods,Nifty India Manufacturing,Small Cap,No,08-Nov-11,Active
Shipping Corporation of India Ltd.,Services,SCI,EQ,INE109A01011,Services,Nifty Services Sector,Small Cap,No,01-Jan-95,Active
Shree Cement Ltd.,Construction Materials,SHREECEM,EQ,INE070A01015,Construction Materials,Nifty Infrastructure,Small Cap,No,01-Jan-95,Active
Shriram Finance Ltd.,Financial Services,SHRIRAMFIN,EQ,INE721A01047,Financial Services,Nifty Financial Services,Large Cap,Yes,01-Jan-97,Active
Shyam Metalics and Energy Ltd.,Capital Goods,SHYAMMETL,EQ,INE810G01011,Capital Goods,Nifty India Manufacturing,Small Cap,No,14-Sep-21,Active
Siemens Energy India Ltd.,Capital Goods,ENRIN,EQ,INE1NPP01017,Capital Goods,Nifty India Manufacturing,Small Cap,No,10-Feb-25,Active
Siemens Ltd.,Capital Goods,SIEMENS,EQ,INE003A01024,Capital Goods,Nifty India Manufacturing,Large Cap,Yes,01-Jan-94,Active
Signatureglobal (India) Ltd.,Realty,SIGNATURE,EQ,INE903U01023,Real Estate,Nifty Realty,Small Cap,No,22-Sep-23,Active
Sobha Ltd.,Realty,SOBHA,EQ,INE671H01015,Real Estate,Nifty Realty,Small Cap,No,05-Dec-06,Active
Solar Industries India Ltd.,Chemicals,SOLARINDS,EQ,INE343H01029,Chemicals,Nifty Chemicals,Mid Cap,Yes,25-May-06,Active
Sona BLW Precision Forgings Ltd.,Automobile and Auto Components,SONACOMS,EQ,INE073K01018,Automobiles & Auto Components,Nifty Auto,Mid Cap,Yes,24-Jun-21,Active
Sonata Software Ltd.,Information Technology,SONATSOFTW,EQ,INE269A01021,Information Technology,Nifty IT,Small Cap,No,01-Jan-99,Active
Star Health and Allied Insurance Company Ltd.,Financial Services,STARHEALTH,EQ,INE575P01011,Insurance,Nifty Financial Services,Mid Cap,Yes,10-Dec-21,Active
State Bank of India,Financial Services,SBIN,EQ,INE062A01020,Banking,Nifty Bank,Large Cap,Yes,01-Mar-94,Active
Steel Authority of India Ltd.,Metals & Mining,SAIL,EQ,INE114A01011,Metals & Mining,Nifty Metal,Mid Cap,Yes,16-Dec-03,Active
Sumitomo Chemical India Ltd.,Chemicals,SUMICHEM,EQ,INE258G01013,Chemicals,Nifty Chemicals,Small Cap,No,23-May-01,Active
Sun Pharmaceutical Industries Ltd.,Healthcare,SUNPHARMA,EQ,INE044A01036,Pharmaceuticals,Nifty Pharma,Large Cap,Yes,14-Oct-94,Active
Sun TV Network Ltd.,Media Entertainment & Publication,SUNTV,EQ,INE424H01027,Media & Entertainment,Nifty Media,Small Cap,No,01-Jan-96,Active
Sundaram Finance Ltd.,Financial Services,SUNDARMFIN,EQ,INE660A01013,Financial Services,Nifty Financial Services,Small Cap,No,01-Jan-94,Active
Supreme Industries Ltd.,Capital Goods,SUPREMEIND,EQ,INE195A01028,Capital Goods,Nifty India Manufacturing,Mid Cap,Yes,01-Jan-94,Active
Supreme Petrochem Ltd.,Chemicals,SPLPETRO,EQ,INE663A01033,Chemicals,Nifty Chemicals,Small Cap,No,01-Jan-95,Active
Suzlon Energy Ltd.,Capital Goods,SUZLON,EQ,INE040H01021,Capital Goods,Nifty India Manufacturing,Small Cap,No,01-Jan-06,Active
Swan Corp Ltd.,Chemicals,SWANCORP,EQ,INE665A01038,Chemicals,Nifty Chemicals,Small Cap,No,21-Jan-25,Active
Swiggy Ltd.,Consumer Services,SWIGGY,EQ,INE00H001014,Consumer Services,Nifty India Consumption,Mid Cap,No,13-Nov-24,Active
Syngene International Ltd.,Healthcare,SYNGENE,EQ,INE398R01022,Pharmaceuticals,Nifty Pharma,Large Cap,Yes,11-Aug-15,Active
Syrma SGS Technology Ltd.,Capital Goods,SYRMA,EQ,INE0DYJ01015,Capital Goods,Nifty India Manufacturing,Small Cap,No,26-Aug-22,Active
TBO Tek Ltd.,Consumer Services,TBOTEK,EQ,INE673O01025,Consumer Services,Nifty India Consumption,Small Cap,No,15-May-24,Active
TVS Motor Company Ltd.,Automobile and Auto Components,TVSMOTOR,EQ,INE494B01023,Automobiles & Auto Components,Nifty Auto,Mid Cap,Yes,01-Aug-00,Active
Tata Capital Ltd.,Financial Services,TATACAP,EQ,INE976I01016,Financial Services,Nifty Financial Services,Small Cap,No,23-Jul-25,Active
Tata Chemicals Ltd.,Chemicals,TATACHEM,EQ,INE092A01019,Chemicals,Nifty Chemicals,Mid Cap,Yes,01-Jan-95,Active
Tata Communications Ltd.,Telecommunication,TATACOMM,EQ,INE151A01013,Telecommunication,Nifty Services Sector,Mid Cap,Yes,01-Nov-00,Active
Tata Consultancy Services Ltd.,Information Technology,TCS,EQ,INE467B01029,Information Technology,Nifty IT,Large Cap,Yes,25-Aug-04,Active
Tata Consumer Products Ltd.,Fast Moving Consumer Goods,TATACONSUM,EQ,INE192A01025,FMCG,Nifty FMCG,Large Cap,Yes,01-Jan-95,Active
Tata Elxsi Ltd.,Information Technology,TATAELXSI,EQ,INE670A01012,Information Technology,Nifty IT,Mid Cap,Yes,01-Jan-95,Active
Tata Investment Corporation Ltd.,Financial Services,TATAINVEST,EQ,INE672A01026,Financial Services,Nifty Financial Services,Mid Cap,Yes,01-Jan-95,Active
Tata Motors Ltd.,Capital Goods,TMCV,EQ,INE1TAE01010,Capital Goods,Nifty India Manufacturing,Large Cap,Yes,01-Sep-25,Active
Tata Motors Passenger Vehicles Ltd.,Automobile and Auto Components,TMPV,EQ,INE155A01022,Automobiles & Auto Components,Nifty Auto,Mid Cap,Yes,01-Sep-25,Active
Tata Power Co. Ltd.,Power,TATAPOWER,EQ,INE245A01021,Power,Nifty Energy,Large Cap,Yes,01-Jan-96,Active
Tata Steel Ltd.,Metals & Mining,TATASTEEL,EQ,INE081A01020,Metals & Mining,Nifty Metal,Large Cap,Yes,01-Jan-97,Active
Tata Technologies Ltd.,Information Technology,TATATECH,EQ,INE142M01025,Information Technology,Nifty IT,Mid Cap,Yes,30-Nov-23,Active
Tata Teleservices (Maharashtra) Ltd.,Telecommunication,TTML,EQ,INE517B01013,Telecommunication,Nifty Services Sector,Small Cap,No,01-Jan-02,Active
Tech Mahindra Ltd.,Information Technology,TECHM,EQ,INE669C01036,Information Technology,Nifty IT,Large Cap,Yes,28-Aug-06,Active
Techno Electric & Engineering Company Ltd.,Construction,TECHNOE,EQ,INE285K01026,Construction,Nifty Infrastructure,Small Cap,No,01-Jan-95,Active
Tega Industries Ltd.,Capital Goods,TEGA,EQ,INE011K01018,Capital Goods,Nifty India Manufacturing,Small Cap,No,13-Dec-21,Active
Tejas Networks Ltd.,Telecommunication,TEJASNET,EQ,INE010J01012,Telecommunication,Nifty Services Sector,Small Cap,No,27-Jun-17,Active
Tenneco Clean Air India Ltd.,Automobile and Auto Components,TENNIND,EQ,INE19RI01016,Automobiles & Auto Components,Nifty Auto,Small Cap,No,14-Mar-24,Active
The New India Assurance Company Ltd.,Financial Services,NIACL,EQ,INE470Y01017,Financial Services,Nifty Financial Services,Small Cap,No,13-Nov-00,Active
The Ramco Cements Ltd.,Construction Materials,RAMCOCEM,EQ,INE331A01037,Construction Materials,Nifty Infrastructure,Mid Cap,Yes,01-Jan-95,Active
Thermax Ltd.,Capital Goods,THERMAX,EQ,INE152A01029,Capital Goods,Nifty India Manufacturing,Small Cap,No,01-Jan-95,Active
Timken India Ltd.,Capital Goods,TIMKEN,EQ,INE325A01013,Capital Goods,Nifty India Manufacturing,Mid Cap,Yes,01-Jan-95,Active
Titagarh Rail Systems Ltd.,Capital Goods,TITAGARH,EQ,INE615H01020,Capital Goods,Nifty India Manufacturing,Mid Cap,Yes,01-Jan-04,Active
Titan Company Ltd.,Consumer Durables,TITAN,EQ,INE280A01028,Consumer Durables,Nifty Consumer Durables,Large Cap,Yes,01-Jan-95,Active
Torrent Pharmaceuticals Ltd.,Healthcare,TORNTPHARM,EQ,INE685A01028,Pharmaceuticals,Nifty Pharma,Large Cap,Yes,01-Jan-94,Active
Torrent Power Ltd.,Power,TORNTPOWER,EQ,INE813H01021,Power,Nifty Energy,Mid Cap,Yes,14-Nov-06,Active
Transformers And Rectifiers (India) Ltd.,Capital Goods,TARIL,EQ,INE763I01026,Capital Goods,Nifty India Manufacturing,Small Cap,No,14-Nov-23,Active
Travel Food Services Ltd.,Consumer Services,TRAVELFOOD,EQ,INE103V01028,Consumer Services,Nifty India Consumption,Small Cap,No,05-Jun-25,Active
Trent Ltd.,Consumer Services,TRENT,EQ,INE849A01020,Consumer Services,Nifty India Consumption,Large Cap,Yes,28-May-99,Active
Trident Ltd.,Textiles,TRIDENT,EQ,INE064C01022,Textiles,Nifty India Consumption,Small Cap,No,01-Jan-99,Active
Triveni Turbine Ltd.,Capital Goods,TRITURBINE,EQ,INE152M01016,Capital Goods,Nifty India Manufacturing,Small Cap,No,01-Jan-04,Active
Tube Investments of India Ltd.,Automobile and Auto Components,TIINDIA,EQ,INE974X01010,Automobiles & Auto Components,Nifty Auto,Mid Cap,Yes,26-Sep-16,Active
UCO Bank,Financial Services,UCOBANK,EQ,INE691A01018,Banking,Nifty Bank,Mid Cap,Yes,01-Jan-03,Active
UNO Minda Ltd.,Automobile and Auto Components,UNOMINDA,EQ,INE405E01023,Automobiles & Auto Components,Nifty Auto,Small Cap,No,05-Jun-15,Active
UPL Ltd.,Chemicals,UPL,EQ,INE628A01036,Chemicals,Nifty Chemicals,Mid Cap,Yes,01-Jan-00,Active
UTI Asset Management Company Ltd.,Financial Services,UTIAMC,EQ,INE094J01016,Financial Services,Nifty Financial Services,Mid Cap,No,12-Oct-20,Active
UltraTech Cement Ltd.,Construction Materials,ULTRACEMCO,EQ,INE481G01011,Construction Materials,Nifty Infrastructure,Large Cap,Yes,18-Jul-04,Active
Union Bank of India,Financial Services,UNIONBANK,EQ,INE692A01016,Banking,Nifty Bank,Mid Cap,Yes,24-Sep-02,Active
United Breweries Ltd.,Fast Moving Consumer Goods,UBL,EQ,INE686F01025,FMCG,Nifty FMCG,Mid Cap,Yes,01-Jan-98,Active
United Spirits Ltd.,Fast Moving Consumer Goods,UNITDSPR,EQ,INE854D01024,FMCG,Nifty FMCG,Small Cap,No,02-Jul-97,Active
Urban Company Ltd.,Consumer Services,URBANCO,EQ,INE0CAZ01013,Consumer Services,Nifty India Consumption,Small Cap,No,17-Sep-25,Active
Usha Martin Ltd.,Capital Goods,USHAMART,EQ,INE228A01035,Capital Goods,Nifty India Manufacturing,Small Cap,No,01-Jan-97,Active
Vardhman Textiles Ltd.,Textiles,VTL,EQ,INE825A01020,Textiles,Nifty India Consumption,Small Cap,No,01-Jan-95,Active
Varun Beverages Ltd.,Fast Moving Consumer Goods,VBL,EQ,INE200M01039,FMCG,Nifty FMCG,Large Cap,Yes,08-Mar-16,Active
Vedanta Ltd.,Metals & Mining,VEDL,EQ,INE205A01025,Metals & Mining,Nifty Metal,Large Cap,Yes,13-May-14,Active
Vijaya Diagnostic Centre Ltd.,Healthcare,VIJAYA,EQ,INE043W01024,Healthcare Services,Nifty Healthcare Index,Small Cap,No,14-Sep-21,Active
Vishal Mega Mart Ltd.,Consumer Services,VMM,EQ,INE01EA01019,Consumer Services,Nifty India Consumption,Small Cap,No,18-Dec-24,Active
Vodafone Idea Ltd.,Telecommunication,IDEA,EQ,INE669E01016,Telecommunication,Nifty Services Sector,Small Cap,No,01-Jan-07,Active
Voltas Ltd.,Consumer Durables,VOLTAS,EQ,INE226A01021,Consumer Durables,Nifty Consumer Durables,Mid Cap,Yes,01-Jan-94,Active
Waaree Energies Ltd.,Capital Goods,WAAREEENER,EQ,INE377N01017,Capital Goods,Nifty India Manufacturing,Small Cap,No,24-Oct-24,Active
Welspun Corp Ltd.,Capital Goods,WELCORP,EQ,INE191B01025,Capital Goods,Nifty India Manufacturing,Small Cap,No,01-Jan-95,Active
Welspun Living Ltd.,Textiles,WELSPUNLIV,EQ,INE192B01031,Textiles,Nifty India Consumption,Small Cap,No,01-Jan-01,Active
Whirlpool of India Ltd.,Consumer Durables,WHIRLPOOL,EQ,INE716A01013,Consumer Durables,Nifty Consumer Durables,Small Cap,No,01-Jan-95,Active
Wipro Ltd.,Information Technology,WIPRO,EQ,INE075A01022,Information Technology,Nifty IT,Large Cap,Yes,01-Jun-95,Active
Wockhardt Ltd.,Healthcare,WOCKPHARMA,EQ,INE049B01025,Pharmaceuticals,Nifty Pharma,Small Cap,No,01-Jan-96,Active
Yes Bank Ltd.,Financial Services,YESBANK,EQ,INE528G01035,Banking,Nifty Bank,Small Cap,Yes,12-Jul-05,Active
ZF Commercial Vehicle Control Systems India Ltd.,Automobile and Auto Components,ZFCVINDIA,EQ,INE342J01019,Automobiles & Auto Components,Nifty Auto,Small Cap,No,01-Jan-09,Active
Zee Entertainment Enterprises Ltd.,Media Entertainment & Publication,ZEEL,EQ,INE256A01028,Media & Entertainment,Nifty Media,Mid Cap,Yes,01-Jan-93,Active
Zen Technologies Ltd.,Capital Goods,ZENTEC,EQ,INE251B01027,Capital Goods,Nifty India Manufacturing,Small Cap,No,13-Sep-18,Active
Zensar Technolgies Ltd.,Information Technology,ZENSARTECH,EQ,INE520A01027,Information Technology,Nifty IT,Small Cap,No,01-Jan-99,Active
Zydus Lifesciences Ltd.,Healthcare,ZYDUSLIFE,EQ,INE010B01027,Pharmaceuticals,Nifty Pharma,Large Cap,Yes,09-Mar-22,Active
Zydus Wellness Ltd.,Fast Moving Consumer Goods,ZYDUSWELL,EQ,INE768C01028,FMCG,Nifty FMCG,Small Cap,No,01-Jan-95,Active
eClerx Services Ltd.,Services,ECLERX,EQ,INE738I01010,Services,Nifty Services Sector,Small Cap,No,31-Dec-07,Active
